{
  "name": "Invoice",
  "description": "Professional invoice template",
  "pageSize": {
    "width": 595.28,
    "height": 841.89,
    "unit": "pt"
  },
  "orientation": "portrait",
  "margins": {
    "top": 50,
    "right": 50,
    "bottom": 50,
    "left": 50
  },
  "background": "#FFFFFF",
  "elements": [
    {
      "type": "text",
      "content": "INVOICE",
      "x": 50,
      "y": 70,
      "fontSize": 32,
      "fontFamily": "Helvetica-Bold",
      "color": "#3B82F6"
    },
    {
      "type": "rect",
      "x": 50,
      "y": 100,
      "width": 495,
      "height": 2,
      "fill": "#3B82F6"
    },
    {
      "type": "text",
      "content": "Invoice #:",
      "x": 50,
      "y": 130,
      "fontSize": 10,
      "fontFamily": "Helvetica-Bold",
      "color": "#000000"
    },
    {
      "type": "text",
      "content": "Date:",
      "x": 50,
      "y": 145,
      "fontSize": 10,
      "fontFamily": "Helvetica-Bold",
      "color": "#000000"
    },
    {
      "type": "text",
      "content": "Bill To:",
      "x": 50,
      "y": 180,
      "fontSize": 12,
      "fontFamily": "Helvetica-Bold",
      "color": "#000000"
    },
    {
      "type": "rect",
      "x": 50,
      "y": 250,
      "width": 495,
      "height": 30,
      "fill": "#F3F4F6"
    },
    {
      "type": "text",
      "content": "Description",
      "x": 60,
      "y": 268,
      "fontSize": 10,
      "fontFamily": "Helvetica-Bold",
      "color": "#000000"
    },
    {
      "type": "text",
      "content": "Qty",
      "x": 350,
      "y": 268,
      "fontSize": 10,
      "fontFamily": "Helvetica-Bold",
      "color": "#000000"
    },
    {
      "type": "text",
      "content": "Price",
      "x": 420,
      "y": 268,
      "fontSize": 10,
      "fontFamily": "Helvetica-Bold",
      "color": "#000000"
    },
    {
      "type": "text",
      "content": "Total",
      "x": 490,
      "y": 268,
      "fontSize": 10,
      "fontFamily": "Helvetica-Bold",
      "color": "#000000"
    }
  ]
}